{
    "1": 0.0939999967813492,
    "1.5": 0.1351374320893390,
    "2": 0.1663978695869450,
    "2.5": 0.1926509131553250,
    "3": 0.2157324701547620,
    "3.5": 0.2365726514248220,
    "4": 0.2557200491428380,
    "4.5": 0.2735303721065720,
    "5": 0.2902498841285710,
    "5.5": 0.3060573813898630,
    "6": 0.3210875988006590,
    "6.5": 0.3354450319964510,
    "7": 0.3492126762866970,
    "7.5": 0.3624577366099390,
    "8": 0.3752355873584750,
    "8.5": 0.3875924077138780,
    "9": 0.3995672762393950,
    "9.5": 0.4111935532161000,
    "10": 0.4225000143051150,
    "10.5": 0.4329264205125090,
    "11": 0.4431075453758240,
    "11.5": 0.4530599481650490,
    "12": 0.4627983868122100,
    "12.5": 0.4723360853112780,
    "13": 0.4816849529743190,
    "13.5": 0.4908558071795490,
    "14": 0.4998584389686580,
    "14.5": 0.5087017489616000,
    "15": 0.5173939466476440,
    "15.5": 0.5259425161103220,
    "16": 0.5343543291091920,
    "16.5": 0.5426357538035990,
    "17": 0.5507926940917970,
    "17.5": 0.5588305844903850,
    "18": 0.5667545199394230,
    "18.5": 0.5745691281453700,
    "19": 0.5822789072990420,
    "19.5": 0.5898879078889450,
    "20": 0.5974000096321110,
    "20.5": 0.6048236486651710,
    "21": 0.6121572852134700,
    "21.5": 0.6194041079582340,
    "22": 0.6265671253204350,
    "22.5": 0.6336491787485760,
    "23": 0.6406529545784000,
    "23.5": 0.6475809713865540,
    "24": 0.6544356346130370,
    "24.5": 0.6612192658058590,
    "25": 0.6679340004920950,
    "25.5": 0.6745818856474920,
    "26": 0.6811649203300480,
    "26.5": 0.6876849012553730,
    "27": 0.6941436529159550,
    "27.5": 0.7005429010330630,
    "28": 0.7068842053413390,
    "28.5": 0.7131690748738230,
    "29": 0.7193990945816040,
    "29.5": 0.7255755869151540,
    "30": 0.7317000031471250,
    "30.5": 0.7347410385504290,
    "31": 0.7377694845199580,
    "31.5": 0.7407855797371360,
    "32": 0.7437894344329830,
    "32.5": 0.7467811972477650,
    "33": 0.7497610449790950,
    "33.5": 0.7527290997322810,
    "34": 0.7556855082511900,
    "34.5": 0.7586303702098510,
    "35": 0.7615638375282290,
    "35.5": 0.7644860495921800,
    "36": 0.7673971652984620,
    "36.5": 0.7702972936773620,
    "37": 0.7731865048408510,
    "37.5": 0.7760649470649920,
    "38": 0.7789327502250670,
    "38.5": 0.7817900507676660,
    "39": 0.7846369743347170,
    "39.5": 0.7874736085132750,
    "40": 0.7903000116348270,
    "40.5": 0.7928039680235380,
    "41": 0.7953000068664550,
    "41.5": 0.7978038983716220,
    "42": 0.8003000020980830,
    "42.5": 0.8028038718775960,
    "43": 0.8052999973297110,
    "43.5": 0.8078038508470530,
    "44": 0.8102999925613400,
    "44.5": 0.8128038351791680,
    "45": 0.8152999877929680,
    "45.5": 0.8178038066203190,
    "46": 0.8202999830245970,
    "46.5": 0.8228037786312970,
    "47": 0.8252999782562250,
    "47.5": 0.8278037509227820,
    "48": 0.8302999734878540,
    "48.5": 0.8328037533813770,
    "49": 0.8353000283241270,
    "49.5": 0.8378037559315690,
    "50": 0.8403000235557550,
    "50.5": 0.8428037290347480,
    "51": 0.8453000187873840,
    "51.5": 0.8478037023989350,
    "52": 0.8503000140190120,
    "52.5": 0.8528036760195390,
    "53": 0.8553000092506400,
    "53.5": 0.8578036498920770,
    "54": 0.8603000044822690,
    "54.5": 0.8628036240121680,
    "55": 0.8652999997138970
}
